50010	鹰潭市景点排行榜
50050	营业早餐类型及做法
50067	迎春接福庆平安是上联还是下联
50088	影音先锋旧版本在哪下载
50070	迎亲是指男方吗
50089	影院公众号有什么
50046	营养土有霉味还能用吗
50023	荧光标记优势
50092	映客进去点不了关注怎么回事
50098	硬的时间短是什么
50076	影视公司起名
50045	营养快线为什么禁卖了
50085	影响语言学习的学习者因素
50052	营业执照个体和公司有什么区别
50087	影音先锋的文件在哪
50094	映泰h61mlc2 质量怎么样
50021	盈盈一水间的盈盈是什么意思
50062	营造,建造是什么意思
50016	嬴政给吕不韦的玉佩是什么意思
50018	盈彩网属于合法的吗
50007	鹰牌瓷砖是几线品牌
50020	盈利的盈组词
50048	营业外收入和营业外支出
50015	嬴政的摇滚巨星和暗夜贵公子哪个好
50059	营业执照注销简单吗
50008	鹰视教育和尚德机构的关系
50096	硬笔书法作品写错字怎么办
50082	影响树脂砂型铸造质量的因素
50057	营业执照要什么银行卡
50038	营销策划成功因素
50081	影响股票的主要因素
50084	影响岩溶发育的因素
50090	影子的形成原理是什么
50027	萤火之森女主全名叫什么
50093	映美电票打印机怎么设置
50042	营销者如何通过个人来源影响消费者
50026	荧光照影需要空腹吗
50051	营业执照副本要挂起来吗
50009	鹰潭华盛明珠房价多少
50003	鹦鹉用什么磨牙比较好
50041	营销是做什么的
50054	营业执照快到期了怎么办理
50063	蝇子什么时候没有
50002	鹦鹉跳舞原因
50073	影驰b360主板内存频率怎么设置
50013	鹰嘴骨折手术后能正常生活吗
50055	营业执照年审时间是什么时候
50064	赢国是什么意思
50037	营商办工作职责及分工
50006	鹦鹉只用短站杆行不行
50029	萤石可视门铃可以调音量吗
50017	瀛湖清泉枇杷谁引进的
50030	萤石摄像头wifi连不上
50035	营地工具没有转区
50024	荧光黄会不会显黑
50078	影舞者和瞬杀者哪个厉害
50034	萤石云视频怎么退出账号重新登录
50033	萤石云摄像头遮挡镜头怎么办
50086	影响正常一般调到几度
50044	营养健康饮食小常识
50012	鹰嘴豆的热量
50058	营业执照账号18位
50025	荧光绿适合什么肤色
50032	萤石摄像头转移设备
50047	营业收入计算公式
50068	迎驾喜上眉梢酒42度价格是多少
50075	影视大全怎么往电视上投屏
50071	迎着那霞光这歌词叫什么歌
50004	鹦鹉鱼产卵了怎么办
50074	影集起什么名字
50040	营销活动的短信怎么发
50049	营业外收入占比例合适
50043	营养不良会导致近视吗
50036	营口到沈阳先路过井泉还是甘泉
50039	营销的目的就是要使推销成为多余怎么理解
50022	荧光pcr基因 内参关系
50091	颖河起源于哪里
50065	赢政是谁的儿子
50031	萤石摄像头黄色灯
50083	影响我国东部地区与西部地区农业的
50099	硬度不够吃什么药
50000	鹦鹉吃自己的小鱼吗
50005	鹦鹉鱼头洞传染吗
50019	盈亏平衡点的计算公式
50056	营业执照需要去税务局激活了没有营业
50060	营运载客汽车从注册登记之日起,超过5年的
50095	硬笔书法都包括啥
50028	萤石粉产品质量标准
50069	迎难而上下一句是什么
50053	营业执照会不会过期
50072	迎中秋手抄报内容
50077	影视剪辑怎么自学
50080	影响复利现值的因素是
50011	鹰潭夜场哪里好玩
50097	硬币能做成什么带在身上
50001	鹦鹉的生活习性是什么
50079	影响承保决定的因素规定
50014	嬴傒历史原型
50061	营造法治发展环境
50066	迎春花像什么比喻成什么
